Name,attainment_quarter,attainment_by_quarter,commission_earned_by_quarter,payment_quarter,paid_by_quarter
Bob,Q1,301542.0,35308.4,Q1,5396.7
Bob,Q2,140289.25,11223.140000000001,Q2,30364.839999999997
Jane,Q1,59120.33333333333,7094.44,Q1,2135.56
Jane,Q2,347576.22222222225,48966.76888888889,Q2,43732.94555555556
Joe,Q1,239106.6666666667,23279.399999999998,Q1,1996.8
Joe,Q2,277540.0,20391.700000000004,Q2,29300.399999999998
Lin,Q1,377355.0,33961.95,Q1,10115.1
Lin,Q2,496872.0,41624.64,Q2,52428.60999999999
